"Reference","Value","Datasheet","Footprint","Qty","DNP"
"Audio1","PJ-320B","https://lcsc.com/product-detail/Audio-Connectors_3-5mmCloth-headphone-jack_C18594.html","easyeda2kicad:AUDIO-SMD_PJ-320B","1",""
"BAT+1,BAT-1,SH1","~","","-- 混合值 --","3",""
"C1,C3,C17,C19,C21,C25,C31,C32,C33,C34,C38,C42,C45,C46,C49","0.1uF","https://cdn.sparkfun.com/assets/8/a/4/a/5/Kemet_Capacitor_Datasheet.pdf","-- 混合值 --","15",""
"C2,C4,C5,C6,C7","4.7uF","https://cdn.sparkfun.com/assets/8/a/4/a/5/Kemet_Capacitor_Datasheet.pdf","SparkFun-Capacitor:C_0603_1608Metric","5",""
"C16,C18,C24,C35,C43,C44","10uF","https://cdn.sparkfun.com/assets/8/a/4/a/5/Kemet_Capacitor_Datasheet.pdf","-- 混合值 --","6",""
"C20,C36,C37","1uF","https://cdn.sparkfun.com/assets/8/a/4/a/5/Kemet_Capacitor_Datasheet.pdf","-- 混合值 --","3",""
"C26","4.7pF","https://cdn.sparkfun.com/assets/8/a/4/a/5/Kemet_Capacitor_Datasheet.pdf","SparkFun-Capacitor:C_0402_1005Metric","1",""
"C27,C28","2.2nF","https://cdn.sparkfun.com/assets/8/a/4/a/5/Kemet_Capacitor_Datasheet.pdf","SparkFun-Capacitor:C_0603_1608Metric","2",""
"C29,C30","2.2uF","https://cdn.sparkfun.com/assets/8/a/4/a/5/Kemet_Capacitor_Datasheet.pdf","SparkFun-Capacitor:C_0603_1608Metric","2",""
"C39","47uF","https://cdn.sparkfun.com/assets/8/a/4/a/5/Kemet_Capacitor_Datasheet.pdf","SparkFun-Capacitor:C_0805_2012Metric","1",""
"C40,C41,C50","22uF","https://cdn.sparkfun.com/assets/8/a/4/a/5/Kemet_Capacitor_Datasheet.pdf","SparkFun-Capacitor:C_0603_1608Metric","3",""
"C47,C48","12pF","https://cdn.sparkfun.com/assets/8/a/4/a/5/Kemet_Capacitor_Datasheet.pdf","SparkFun-Capacitor:C_0402_1005Metric","2",""
"D2","LED","~","SparkFun-LED:LED_0603_1608Metric","1",""
"D3","SS14","https://www.vishay.com/docs/88746/ss12.pdf","Diode_SMD:D_SMA","1",""
"D5","SS34","https://www.vishay.com/docs/88751/ss32.pdf","Diode_SMD:D_SMA","1",""
"D6,D7,D8,D9,D10,D11","LESD8D3.3CAT5G","","Diode_SMD:D_SOD-882","6",""
"J2","microSD","https://datasheet.lcsc.com/lcsc/2110151630_XKB-Connectivity-XKTF-015-N_C381082.pdf","SparkFun-Connector:microSD_External_Pin","1",""
"L5","10uH_5x5mm_1.0A","https://products.sumida.com/products/pdf/CDRH4D28.pdf","SparkFun-Coil:Inductor_4.7x4.7mm","1",""
"L6","SCCD43-220KT","","easyeda2kicad:IND-SMD_L4.5-W4.0_SCCD43","1",""
"Q1,Q2","MMBT3904","https://www.onsemi.com/pdf/datasheet/pzt3904-d.pdf","Package_TO_SOT_SMD:SOT-23","2",""
"Q3","2N7002","https://www.onsemi.com/pub/Collateral/NDS7002A-D.PDF","Package_TO_SOT_SMD:SOT-23","1",""
"Q4,Q5","AO3401A","http://www.aosmd.com/pdfs/datasheet/AO3401A.pdf","Package_TO_SOT_SMD:SOT-23","2",""
"R1","560","https://www.vishay.com/docs/20035/dcrcwe3.pdf","SparkFun-Resistor:R_0402_1005Metric","1",""
"R4,R19","0","https://industrial.panasonic.com/cdbs/www-data/pdf/RDN0000/AOA0000C313.pdf","-- 混合值 --","2",""
"R5,R6,R8,R9","4.7k","https://www.vishay.com/docs/20035/dcrcwe3.pdf","SparkFun-Resistor:R_0402_1005Metric","4",""
"R7","499","https://industrial.panasonic.com/cdbs/www-data/pdf/RDN0000/AOA0000C313.pdf","SparkFun-Resistor:R_0402_1005Metric","1",""
"R10","15k","https://www.vishay.com/docs/20035/dcrcwe3.pdf","SparkFun-Resistor:R_0603_1608Metric","1",""
"R11","205K","https://industrial.panasonic.com/cdbs/www-data/pdf/RDN0000/AOA0000C313.pdf","SparkFun-Resistor:R_0603_1608Metric","1",""
"R12","1.8M","https://industrial.panasonic.com/cdbs/www-data/pdf/RDN0000/AOA0000C313.pdf","SparkFun-Resistor:R_0603_1608Metric","1",""
"R13,R14,R15,R16,R17,R18","470","https://www.vishay.com/docs/20035/dcrcwe3.pdf","SparkFun-Resistor:R_0603_1608Metric","6",""
"R21,R22","330","https://www.vishay.com/docs/20035/dcrcwe3.pdf","SparkFun-Resistor:R_0603_1608Metric","2",""
"R23","2","https://www.vishay.com/docs/20035/dcrcwe3.pdf","SparkFun-Resistor:R_0603_1608Metric","1",""
"R24,R25,R26,R27,R28,R29,R30,R31,R32,R33,R36","10k","https://www.vishay.com/docs/20035/dcrcwe3.pdf","SparkFun-Resistor:R_0402_1005Metric","11",""
"R34,R35","1M","https://www.vishay.com/docs/20035/dcrcwe3.pdf","SparkFun-Resistor:R_0603_1608Metric","2",""
"SW1","SW_LEFT","~","Butm:MaskBtm6mmBh","1",""
"SW2","SW_UP","~","Butm:MaskBtm6mm","1",""
"SW3","SW_DOWN","~","Butm:MaskBtm6mm","1",""
"SW4","SW_RIGHT","~","Butm:MaskBtm6mmBh","1",""
"SW5","SW_UP2","~","Butm:MaskBtm6mm","1",""
"SW6","SW_DOWN2","~","Butm:MaskBtm6mm","1",""
"SW7","SW_K1","~","Butm:MaskBtm4mmBh","1",""
"SW8","SW_K2","~","Butm:MaskBtm4mmBh","1",""
"SW9","SW_K3","~","Butm:MaskBtm4mmBh","1",""
"SW10","SW_K4","~","Butm:MaskBtm4mmBh","1",""
"SW11","SW_K5","~","Butm:MaskBtm4mmBh","1",""
"SW12","SW_K6","~","Butm:MaskBtm4mmBh","1",""
"SW13","SW_K7","~","Butm:MaskBtm4mmBh","1",""
"SW14","SW_K8","~","Butm:MaskBtm4mmBh","1",""
"SW15","SW_K9","~","Butm:MaskBtm4mmBh","1",""
"SW16","SW_K0","~","Butm:MaskBtm4mmBh","1",""
"SW17","SW_KQ","~","Butm:MaskBtm5mm","1",""
"SW18","SW_KW","~","Butm:MaskBtm5mm","1",""
"SW19","SW_KE","~","Butm:MaskBtm5mm","1",""
"SW20","SW_KR","~","Butm:MaskBtm5mm","1",""
"SW21","SW_KT","~","Butm:MaskBtm5mm","1",""
"SW22","SW_KY","~","Butm:MaskBtm5mm","1",""
"SW23","SW_KU","~","Butm:MaskBtm5mm","1",""
"SW24","SW_KI","~","Butm:MaskBtm5mm","1",""
"SW25","SW_KO","~","Butm:MaskBtm5mm","1",""
"SW26","SW_KP","~","Butm:MaskBtm5mm","1",""
"SW27","SW_KA","~","Butm:MaskBtm5mm","1",""
"SW28","SW_KS","~","Butm:MaskBtm5mm","1",""
"SW29","SW_KD","~","Butm:MaskBtm5mm","1",""
"SW30","SW_KF","~","Butm:MaskBtm5mm","1",""
"SW31","SW_KG","~","Butm:MaskBtm5mm","1",""
"SW32","SW_KH","~","Butm:MaskBtm5mm","1",""
"SW33","SW_KJ","~","Butm:MaskBtm5mm","1",""
"SW34","SW_KK","~","Butm:MaskBtm5mm","1",""
"SW35","SW_KL","~","Butm:MaskBtm5mm","1",""
"SW36","SW_KZ","~","Butm:MaskBtm5mm","1",""
"SW37","SW_KX","~","Butm:MaskBtm5mm","1",""
"SW38","SW_KC","~","Butm:MaskBtm5mm","1",""
"SW39","SW_KV","~","Butm:MaskBtm5mm","1",""
"SW40","SW_KB","~","Butm:MaskBtm5mm","1",""
"SW41","SW_KN","~","Butm:MaskBtm5mm","1",""
"SW42","SW_KM","~","Butm:MaskBtm5mm","1",""
"SW43","SW_KCOM","~","Butm:MaskBtm5mm","1",""
"SW44","SW_KDOT","~","Butm:MaskBtm5mm","1",""
"SW45","SW_SHIFT","~","Butm:MaskBtm5mm","1",""
"SW46","SW_CE(IO0)","~","Butm:MaskBtm5mm","1",""
"SW47","SW_OFF","~","Butm:MaskBtm5mm","1",""
"SW48","SW_SECRET","~","Butm:MaskBtm5mm","1",""
"SW49","SW_MCK","~","Butm:MaskBtm5mm","1",""
"SW50","SW_SPACE","~","Butm:MaskBtm5mmBh","1",""
"SW51","SW_REMARK","~","Butm:MaskBtm5mm","1",""
"SW52","SW_CALENDAR","~","Butm:MaskBtm5mm","1",""
"SW53","SW_MODE","~","Butm:MaskBtm5mm","1",""
"SW54","SW_ENTER","~","Butm:MaskBtm5mmBh","1",""
"SWBOOT1","BOOT","~","Butm:MaskBtm4mm","1",""
"SWRST1","RST","~","Butm:MaskBtm4mm","1",""
"U2","TPS61040DBV","http://www.ti.com/lit/ds/symlink/tps61040.pdf","Package_TO_SOT_SMD:SOT-23-5","1",""
"U5","ME6217C33M5","https://www.lcsc.com/datasheet/lcsc_datasheet_2304140030_MICRONE-Nanjing-Micro-One-Elec-ME6211C33R5G_C235316.pdf","Package_TO_SOT_SMD:SOT-23-5","1",""
"U6","CH340K","https://cdn.sparkfun.com/assets/5/0/a/8/5/CH340DS1.PDF","Package_SO:SSOP-10-1EP_3.9x4.9mm_P1mm_EP2.1x3.3mm","1",""
"U8","CH334R","https://www.wch-ic.com/downloads/file/327.html","Package_SO:QSOP-16_3.9x4.9mm_P0.635mm","1",""
"U9","PCM5102A","https://www.ti.com/lit/ds/symlink/pcm5102a.pdf","Package_SO:TSSOP-20_4.4x6.5mm_P0.65mm","1",""
"U10","ME6211C33M5","https://www.lcsc.com/datasheet/lcsc_datasheet_2304140030_MICRONE-Nanjing-Micro-One-Elec-ME6211C33R5G_C235316.pdf","Package_TO_SOT_SMD:SOT-23-5","1",""
"U11","TP5400_C2891434","","easyeda2kicad:ESOP-8_L4.9-W3.9-P1.27-LS6.0-BL-EP","1",""
"U12","PCF8575DBR","https://www.ti.com/lit/ds/symlink/pcf8575.pdf","Package_SO:SSOP-24_5.3x8.2mm_P0.65mm","1",""
"U13","ESP32-S3-WROOM-1U","https://www.espressif.com/sites/default/files/documentation/esp32-s3-wroom-1_wroom-1u_datasheet_en.pdf","RF_Module:ESP32-S3-WROOM-1U","1",""
"USB1","MicroUSB","","easyeda2kicad:MICRO-USB-SMD_MICRO-XNJ-ZB","1",""
"X2","12MHz","","easyeda2kicad:CRYSTAL-SMD_4P-L2.5-W2.0-BL-A","1",""
"Y1","32.768kHz","https://abracon.com/Resonators/ABS07.pdf","SparkFun-Clock:Crystal_SMD_3.2x1.5mm","1",""
